,BCLIMATE,RCS,RSDA,H-CEL,RMIB-UGENT
Q1,8306985.120000001,130940.87000000001,334700.47000000003,0.0,3178153.1100000003
Q2,213115.58000000002,1094570.54,365773.4799999999,117463.42,2766263.5999999996
Q3,55131.63,2513901.37,2168595.91,12404.76,2880165.49
Q4,31772.04,815873.3499999999,1247212.74,175558.09999999998,5292680.03
total,8607004.370000001,4555286.13,4116282.6000000006,305426.27999999997,14117262.23
