,BCLIMATE,RCS,RSDA,H-CEL,RMIB-UGENT
Q1,8306985.12,130940.87000000001,334700.47000000003,0.0,3178153.1100000003
Q2,213115.58000000002,1094570.54,365773.4799999999,117463.42,2766263.6
Q3,55131.63,2513901.37,2168595.91,12404.76,2880165.4899999998
Q4,26614.739999999998,815873.3499999999,1247212.74,121518.78,4746562.69
total,8601847.07,4555286.13,4116282.6000000006,251386.96,13571144.89
