,BCLIMATE,RCS,RSDA,H-CEL,RMIB-UGENT
Q1,188552.55000000005,729489.93,456948.2799999999,3605061.4299999997,1826949.81
Q2,0.0,0.0,0.0,0.0,0.0
Q3,0.0,0.0,0.0,0.0,0.0
Q4,0.0,0.0,0.0,0.0,0.0
total,188552.55000000005,729489.93,456948.2799999999,3605061.4299999997,1826949.81
