,BCLIMATE,RCS,RSDA,H-CEL,RMIB-UGENT
Q1,0.0,78344.25,0.0,927960.0800000001,50733.119999999995
Q2,0.0,0.0,0.0,0.0,0.0
Q3,0.0,0.0,0.0,0.0,0.0
Q4,0.0,0.0,0.0,0.0,0.0
total,0.0,78344.25,0.0,927960.0800000001,50733.119999999995
